fidelity,q0_T1,q0_T2,q0_prob_meas0_prep1,q0_prob_meas1_prep0,q0_readout_length,q0_id_error,q0_sx_error,q0_x_error,q1_T1,q1_T2,q1_prob_meas0_prep1,q1_prob_meas1_prep0,q1_readout_length,q1_id_error,q1_sx_error,q1_x_error,q2_T1,q2_T2,q2_prob_meas0_prep1,q2_prob_meas1_prep0,q2_readout_length,q2_id_error,q2_sx_error,q2_x_error,ecr_01_error,ecr_12_error
0.94,335.0714306,319.5930888,0.1503723,0.0390973,1118.1824967,0.0001837,0.0001837,0.0001837,270.4242243,31.0071021,0.0185775,0.0056281,1160.7544852,0.0001013,0.0001013,0.0001013,246.5051593,451.6221687,0.0028543,0.0110317,1166.2522284,0.0001903,0.0001903,0.0001903,0.0076003,0.0049392
0.84,579.6873011,124.2367439,0.0146983,0.0035284,1180.2196981,0.0002283,0.0002283,0.0002283,338.6886937,8.4362473,0.0045093,0.0358931,1106.355835,0.7290996,0.7290996,0.7290996,272.5183322,514.8055441,0.1254171,0.0057046,1200.7625738,0.000194,0.000194,0.000194,0.0051571,0.0040171
0.9,315.5551139,101.6261829,0.1376786,0.0885082,1367.2648264,0.0002009,0.0002009,0.0002009,84.2590868,168.1504798,0.0035548,0.0201285,1151.8790622,0.0072908,0.0072908,0.0072908,235.0618645,47.282632,0.0218009,0.0035078,1114.4894872,0.0002216,0.0002216,0.0002216,0.0099283,0.0083607
0.7,175.6535204,283.7091656,0.0214088,0.0056088,1219.3551837,9.04e-05,9.04e-05,9.04e-05,309.0937738,264.9786979,0.0284186,0.0069399,1320.0405983,0.000231,0.000231,0.000231,249.3102768,417.3082954,0.1808047,0.0618764,1226.9566257,0.0002323,0.0002323,0.0002323,0.0032029,0.0033216
0.86,189.6313637,148.8259427,0.0459247,0.0179561,1229.1903166,0.8492748,0.8492748,0.8492748,329.2046555,414.2199264,0.0021702,0.0094641,1292.926979,9.13e-05,9.13e-05,9.13e-05,332.8318563,270.6644156,0.0268739,0.0150848,1348.3250654,0.2946895,0.2946895,0.2946895,0.00423,0.0040367
0.62,433.4676993,240.7786195,0.1657102,0.2469061,1137.5582953,0.9132701,0.9132701,0.9132701,297.8280141,175.4636234,0.0097843,0.0021435,1266.6895747,0.000132,0.000132,0.000132,74.0443012,148.0886024,0.0256989,0.0231691,1200.7605223,0.5164653,0.5164653,0.5164653,0.6990145,0.0058665
0.98,511.6513179,268.4244033,0.0142024,0.0327354,1203.4821792,0.6118532,0.6118532,0.6118532,244.0728802,377.1197937,0.0126372,0.0219551,1237.7016817,0.0002561,0.0002561,0.0002561,302.5859916,456.8233614,0.0061004,0.1409242,1154.5616789,0.0001858,0.0001858,0.0001858,0.0049224,0.0031387
0.56,308.3006773,147.6053698,0.0114815,0.2681427,1277.9458773,0.0001549,0.0001549,0.0001549,315.0614752,389.6446258,0.0285459,0.0077578,1190.2552907,0.0003037,0.0003037,0.0003037,423.2128963,8.8561745,0.1274844,0.0036389,1220.1755537,0.000104,0.000104,0.000104,0.791722,0.0074721
0.66,328.7704183,109.2427331,0.0025887,0.0083967,1108.4837714,0.0003012,0.0003012,0.0003012,129.8623757,259.7247514,0.1021177,0.0054336,1214.0598193,7.98e-05,7.98e-05,7.98e-05,251.8817916,210.3499574,0.015,0.009669,1229.0963648,0.9621854,0.9621854,0.9621854,0.0094557,0.0830586
0.96,520.8946591,206.2360352,0.0289586,0.0065812,1205.6436348,0.0457719,0.0457719,0.0457719,275.3352228,84.9771898,0.0260897,0.0091983,1353.3723164,0.5362546,0.5362546,0.5362546,228.2274846,10.082991,0.0061589,0.0390974,1309.6778372,0.0003094,0.0003094,0.0003094,0.006367,0.0093236
0.92,539.9367279,344.5260318,0.0688693,0.1331223,1220.1471959,0.0001956,0.0001956,0.0001956,475.2425103,430.1360662,0.0248579,0.0953707,1200.43634,8.5e-05,8.5e-05,8.5e-05,298.9917687,170.1202352,0.0063546,0.0782391,1125.8244388,0.0001241,0.0001241,0.0001241,0.0099002,0.0066438
0.64,252.8879722,115.8615118,0.016259,0.007008,1205.7686706,0.000281,0.000281,0.000281,256.8935063,120.631992,0.013333,0.0251025,1179.9410399,0.0001942,0.0001942,0.0001942,217.8762592,29.8733342,0.0167799,0.0285476,1213.8760415,0.1847991,0.1847991,0.1847991,0.0035049,0.5165607
0.58,293.2617266,138.1562139,0.0134404,0.0135929,1345.4473943,0.0001774,0.0001774,0.0001774,80.2110504,160.4221008,0.0166247,0.1325851,1270.3285546,0.0001953,0.0001953,0.0001953,255.2859139,117.5294609,0.0278321,0.0257353,1229.4713585,0.0002216,0.0002216,0.0002216,0.0069893,0.8189014
0.98,484.7583522,68.7899417,0.0196598,0.0134451,1158.1238221,0.0002281,0.0002281,0.0002281,288.1140102,34.591738,0.0076691,0.0304451,1310.1679521,0.0001846,0.0001846,0.0001846,274.8868267,540.2339161,0.0024655,0.2588755,1223.8580194,0.0002961,0.0002961,0.0002961,0.0058183,0.0090729
0.78,327.7200541,242.1538935,0.0153289,0.1003753,1154.3552861,0.000237,0.000237,0.000237,370.3934906,368.4292328,0.1819617,0.0038055,1222.3183888,0.0003066,0.0003066,0.0003066,296.9889685,370.3883174,0.017343,0.0030633,1338.9950976,0.0001582,0.0001582,0.0001582,0.2592811,0.005908
0.84,286.2005804,54.3121567,0.1260726,0.223882,1217.2886508,0.018445,0.018445,0.018445,193.8777412,326.9329321,0.0084459,0.1937316,1201.6428492,0.0003385,0.0003385,0.0003385,320.2853449,150.3648426,0.0044287,0.0030214,1204.2257106,0.0002638,0.0002638,0.0002638,0.0074918,0.0095742
0.96,181.1190401,269.6033603,0.0299344,0.0574399,1189.8054289,0.0002433,0.0002433,0.0002433,259.0687721,176.6927196,0.0200122,0.0220229,1118.192813,0.0001509,0.0001509,0.0001509,437.0604222,209.3599132,0.0240354,0.0029977,1220.1567823,0.0001783,0.0001783,0.0001783,0.0055205,0.0043055
0.94,312.2266932,385.4311036,0.0025986,0.010796,1217.4912468,0.0001014,0.0001014,0.0001014,329.2671711,28.4944512,0.0221071,0.0265614,1208.8339728,0.0002726,0.0002726,0.0002726,376.4294257,78.6696259,0.0203743,0.0022542,1319.367331,7.35e-05,7.35e-05,7.35e-05,0.0063615,0.0095715
0.62,295.4178003,333.3530072,0.1315602,0.0855965,1138.3138528,0.0001969,0.0001969,0.0001969,94.0995895,55.6490166,0.0164691,0.0060976,1219.910135,0.000239,0.000239,0.000239,395.8844984,136.8301684,0.0073964,0.0122541,1168.8402396,0.0001222,0.0001222,0.0001222,0.006232,0.6977495
0.36,249.1582073,83.068751,0.1544782,0.2199919,1148.9424964,0.0002049,0.0002049,0.0002049,338.7668008,63.7404386,0.0068819,0.0377319,1310.6164168,0.0001296,0.0001296,0.0001296,422.966123,55.1053204,0.0236221,0.031743,1209.4587101,0.0001941,0.0001941,0.0001941,0.325565,0.6197046
0.82,218.0727927,404.1228257,0.0190774,0.2958617,1142.1357002,0.0001501,0.0001501,0.0001501,84.3329698,141.5754084,0.0093754,0.0044589,1194.9961184,0.000213,0.000213,0.000213,138.0766358,276.1532716,0.0287974,0.173299,1205.295841,0.0001731,0.0001731,0.0001731,0.0059322,0.0031157
0.56,385.2127648,231.0653104,0.0137002,0.1908224,1226.3238259,0.0001551,0.0001551,0.0001551,252.9514921,474.3435844,0.0175775,0.0177926,1108.1046216,0.5510105,0.5510105,0.5510105,308.3258764,248.7293137,0.0891276,0.1094274,1341.9368119,0.0002543,0.0002543,0.0002543,0.7112793,0.6833394
0.98,328.0870759,73.2395233,0.0077258,0.0416603,1218.5078076,0.00023,0.00023,0.00023,407.5489311,489.8977929,0.0881183,0.0666525,1241.5323,0.0003011,0.0003011,0.0003011,310.8172089,197.6123874,0.0273023,0.2349095,1222.7478959,0.0002777,0.0002777,0.0002777,0.0051106,0.0074432
0.86,267.3626666,43.6595749,0.0025767,0.1110475,1143.2334801,0.0003068,0.0003068,0.0003068,176.7420408,139.1008884,0.0134752,0.02955,1225.9307475,0.0001631,0.0001631,0.0001631,336.8193428,252.0384019,0.0523116,0.0376254,1311.8587998,0.8448362,0.8448362,0.8448362,0.0056259,0.003401
0.6,204.5728426,173.4918283,0.0190787,0.0072548,1236.7352003,0.0001861,0.0001861,0.0001861,250.4930178,274.4658927,0.1251403,0.0197938,1135.0626931,0.0002573,0.0002573,0.0002573,247.8578497,112.2159933,0.0125171,0.0290929,1193.6212246,0.8006547,0.8006547,0.8006547,0.0077065,0.7169461
0.92,221.5929148,352.1688894,0.0102674,0.0147863,1197.5865256,0.7316811,0.7316811,0.7316811,258.2117916,396.2798036,0.1405554,0.0304068,1200.9195751,0.2287179,0.2287179,0.2287179,286.2622957,479.7588803,0.0297406,0.0360109,1172.525766,0.0002318,0.0002318,0.0002318,0.0093671,0.0035537
0.6,302.2966584,312.917978,0.0293993,0.0356316,1207.4169322,0.1799629,0.1799629,0.1799629,155.0930369,199.6606618,0.0065972,0.0332042,1229.0946314,0.0002393,0.0002393,0.0002393,263.6050463,119.254002,0.014223,0.0834309,1201.1001428,0.0001564,0.0001564,0.0001564,0.4798846,0.5895008
0.74,266.9749612,187.9222103,0.0286114,0.025217,1204.450296,8.38e-05,8.38e-05,8.38e-05,341.284395,513.9416944,0.0230041,0.0108992,1221.1404229,0.0002601,0.0002601,0.0002601,307.3432433,61.1355673,0.0235451,0.2176445,1218.5354172,0.000319,0.000319,0.000319,0.0400832,0.6797483
0.64,305.1232977,211.9906079,0.0272858,0.2319968,1132.7033162,0.0001717,0.0001717,0.0001717,538.194135,72.6089031,0.0158163,0.0218852,1144.8693623,0.000265,0.000265,0.000265,277.3251792,100.9072255,0.0169755,0.1645873,1210.2374348,0.6196201,0.6196201,0.6196201,0.0069941,0.611826
0.98,344.7404715,88.4369462,0.0085411,0.0130426,1207.703297,0.2437403,0.2437403,0.2437403,270.7289965,359.3278093,0.0115596,0.0304335,1215.7549015,0.2728721,0.2728721,0.2728721,164.2796384,269.9561063,0.0064321,0.2529891,1121.204484,0.0003086,0.0003086,0.0003086,0.0046797,0.0034737
0.92,181.8212324,205.5332717,0.0244743,0.0018614,1219.259145,0.000272,0.000272,0.000272,400.306245,199.9505037,0.023598,0.022846,1398.5135189,0.000339,0.000339,0.000339,250.4109649,338.3631695,0.0042636,0.0206499,1215.5717937,0.0001883,0.0001883,0.0001883,0.0090018,0.0077001
0.56,123.2753348,246.5506696,0.0208082,0.00721,1216.0748305,0.465388,0.465388,0.465388,285.0370936,60.5280262,0.0122007,0.1803889,1336.009567,0.2349031,0.2349031,0.2349031,315.527042,243.9528497,0.0145254,0.0126293,1281.9391328,0.0364891,0.0364891,0.0364891,0.007236,0.9201981
0.98,227.8541626,242.3154446,0.1643052,0.0124276,1205.2057354,0.0003206,0.0003206,0.0003206,235.7317852,302.771221,0.0597226,0.0023174,1202.0451693,0.4872368,0.4872368,0.4872368,253.5166289,499.1712182,0.0027397,0.0065763,1106.1349627,0.0002261,0.0002261,0.0002261,0.0031163,0.0043901
0.9,252.1384939,106.1987041,0.1345873,0.0287169,1113.0710377,0.0001236,0.0001236,0.0001236,99.0589396,165.684653,0.0177392,0.0105758,1222.8086947,0.7693836,0.7693836,0.7693836,293.5310131,89.3029472,0.1129352,0.0264388,1225.3307125,0.000337,0.000337,0.000337,0.0074412,0.0066234
0.9,279.4476279,236.1531433,0.0234508,0.0176401,1190.1761992,0.7869761,0.7869761,0.7869761,303.7201477,450.8108232,0.0244861,0.050835,1221.4897016,0.0001245,0.0001245,0.0001245,247.1256728,268.7352657,0.0252677,0.002567,1219.8090816,0.0001017,0.0001017,0.0001017,0.0030419,0.0098393
0.9,100.9952709,201.9905418,0.0293383,0.0098197,1357.1724405,0.5304623,0.5304623,0.5304623,373.3048941,263.3358917,0.0182275,0.1025801,1205.9241147,0.0002362,0.0002362,0.0002362,414.3357652,508.0984145,0.026682,0.2106021,1216.3508076,0.0001488,0.0001488,0.0001488,0.052742,0.0056586
0.74,290.5852693,425.0307571,0.1784649,0.0816186,1200.2799486,0.297788,0.297788,0.297788,312.6461715,39.718051,0.0619642,0.0335138,1176.099076,0.0001283,0.0001283,0.0001283,314.5733783,269.0339612,0.0154177,0.1357605,1221.6621281,0.0002286,0.0002286,0.0002286,0.3976104,0.0084781
0.96,319.4197331,198.7584307,0.0211797,0.1969068,1275.8695224,0.0002813,0.0002813,0.0002813,78.4851988,150.5052806,0.0030322,0.0230206,1206.6183586,0.7886871,0.7886871,0.7886871,599.570353,392.0007185,0.0266358,0.0271562,1136.2235442,0.1186369,0.1186369,0.1186369,0.005131,0.0091585
0.6,334.0679245,168.6347944,0.0053808,0.012418,1143.6850703,0.186379,0.186379,0.186379,381.3161236,67.3586318,0.0149259,0.0174094,1127.1949726,0.0692755,0.0692755,0.0692755,200.9243475,179.6385268,0.0057269,0.0204203,1166.3789686,0.0001845,0.0001845,0.0001845,0.9374542,0.007094
0.6,179.4805553,194.4127484,0.0027987,0.0167595,1225.5184817,0.0003364,0.0003364,0.0003364,369.8399067,295.4734628,0.0191786,0.0383709,1308.5902454,0.0820385,0.0820385,0.0820385,305.0973467,48.4877093,0.0038103,0.0199065,1264.8298166,7.66e-05,7.66e-05,7.66e-05,0.8718726,0.0072562
0.66,246.5204591,259.7518391,0.0946714,0.0929793,1179.2854419,8.21e-05,8.21e-05,8.21e-05,547.4576815,260.867113,0.0080003,0.0098517,1206.0604701,0.0001428,0.0001428,0.0001428,329.398971,42.7855501,0.1944115,0.0395233,1258.2123322,0.0001619,0.0001619,0.0001619,0.0033245,0.0077988
0.78,193.0118858,250.0536401,0.0188945,0.0042202,1224.8474776,0.7103416,0.7103416,0.7103416,257.3761593,300.9267939,0.0184574,0.2014414,1225.2434266,0.0001977,0.0001977,0.0001977,337.9104938,61.4180274,0.0126725,0.0085334,1219.2864573,0.0002886,0.0002886,0.0002886,0.3122576,0.0051659
0.58,539.1768419,348.0583121,0.0183882,0.0359369,1197.6800329,0.5605905,0.5605905,0.5605905,282.2548428,227.5817829,0.0281262,0.0446817,1281.8076862,0.0001595,0.0001595,0.0001595,217.7319219,220.7003357,0.0188441,0.0279507,1208.9975733,9.61e-05,9.61e-05,9.61e-05,0.0048058,0.5972894
0.78,263.951017,54.04174,0.0264588,0.0018447,1370.9787559,0.5216089,0.5216089,0.5216089,474.5360515,147.2198517,0.1053746,0.1938413,1151.2363778,0.0003033,0.0003033,0.0003033,278.4511328,210.9226093,0.0420585,0.0208556,1201.3694624,0.7436814,0.7436814,0.7436814,0.0063841,0.0039641
0.92,260.6992578,8.6054586,0.0161161,0.1732936,1227.9526116,0.0001801,0.0001801,0.0001801,248.7092767,35.2726283,0.0523532,0.0218373,1212.3306323,0.4937193,0.4937193,0.4937193,498.0553557,243.520173,0.0038033,0.0281139,1138.3838883,0.0019056,0.0019056,0.0019056,0.0068453,0.0070947
0.82,275.4771292,462.2768982,0.022358,0.2671616,1190.2453307,0.0002732,0.0002732,0.0002732,293.3967473,89.224256,0.0211212,0.0136901,1172.9173488,0.0002233,0.0002233,0.0002233,520.0481349,214.8636583,0.0075887,0.2783252,1209.5660045,0.0002252,0.0002252,0.0002252,0.0042021,0.3808074
0.94,329.0097035,116.347352,0.002502,0.0193365,1291.9809338,0.0002819,0.0002819,0.0002819,338.8035966,217.7721048,0.0196146,0.001351,1211.6396028,0.0002551,0.0002551,0.0002551,242.3352096,30.850337,0.0276565,0.2958434,1228.8340646,0.0001695,0.0001695,0.0001695,0.0069276,0.007707
0.9,556.7489901,144.4433174,0.0161914,0.0389925,1158.0467601,0.0002065,0.0002065,0.0002065,284.4043749,39.7405253,0.0642231,0.0111838,1216.2907375,0.6235344,0.6235344,0.6235344,336.4028847,422.6145497,0.0256784,0.0363127,1146.2675605,0.0001525,0.0001525,0.0001525,0.0047271,0.0035716
0.58,291.1275462,196.6830156,0.1274999,0.0019834,1184.6968854,0.4077862,0.4077862,0.4077862,219.6063335,183.9821729,0.0234422,0.0749531,1210.7614658,0.0194506,0.0194506,0.0194506,101.8733687,86.8278476,0.0244953,0.0771411,1341.9518877,0.29486,0.29486,0.29486,0.6174681,0.0074381
1.0,246.6009844,108.0896388,0.0809262,0.0250187,1238.5384219,0.0726328,0.0726328,0.0726328,280.2873283,131.1530214,0.0083428,0.0242931,1219.2142813,0.0003082,0.0003082,0.0003082,433.0316619,78.2040673,0.0067783,0.0314186,1323.9251645,0.0001314,0.0001314,0.0001314,0.0045507,0.0074835
0.64,196.012916,87.0255917,0.0078754,0.0174047,1110.1892388,9.96e-05,9.96e-05,9.96e-05,267.0393286,70.3256653,0.0292456,0.0306106,1211.6294642,0.0001648,0.0001648,0.0001648,341.1344501,222.4787496,0.0806689,0.0334547,1136.0050466,0.7611193,0.7611193,0.7611193,0.4384018,0.0060444
0.56,316.7567629,243.2141785,0.0274833,0.0303344,1113.6600904,0.0001388,0.0001388,0.0001388,422.0631094,64.3433438,0.0167235,0.0133454,1183.5480226,0.0003227,0.0003227,0.0003227,277.9094049,90.6722499,0.0174901,0.0425802,1228.9049772,0.0002431,0.0002431,0.0002431,0.3187452,0.5260831
0.52,317.0158212,28.9810438,0.0891763,0.0100406,1219.3937622,0.000223,0.000223,0.000223,346.1346908,490.0426817,0.0103796,0.0173981,1222.4233322,0.0002405,0.0002405,0.0002405,245.7844449,445.4772486,0.0166793,0.015875,1218.6724092,0.962781,0.962781,0.962781,0.1554931,0.394284
0.3,331.7485843,176.297771,0.0091647,0.0022085,1271.12186,0.062523,0.062523,0.062523,359.8221967,240.3234433,0.0099219,0.0233662,1201.4993709,0.0002653,0.0002653,0.0002653,546.2171472,83.8895311,0.1967944,0.004933,1162.2343265,0.0003329,0.0003329,0.0003329,0.0045852,0.9605342
0.74,148.4575186,58.6085995,0.0020847,0.0207109,1163.4363689,0.0001293,0.0001293,0.0001293,272.166999,302.5034702,0.0229111,0.0186665,1227.5859307,0.0001789,0.0001789,0.0001789,198.1763866,161.5670554,0.0075128,0.0269222,1219.6989322,0.9509453,0.9509453,0.9509453,0.005958,0.0040119
0.82,257.5221772,83.0862745,0.0780243,0.0368228,1301.306159,0.0001309,0.0001309,0.0001309,152.0694741,199.3147576,0.0024981,0.0382235,1181.0878581,0.0002294,0.0002294,0.0002294,186.3831601,291.5177025,0.009789,0.0329664,1212.4969749,0.2827171,0.2827171,0.2827171,0.0049462,0.006521
0.8,312.9344794,60.3807282,0.0158312,0.0872196,1227.0582059,0.4228261,0.4228261,0.4228261,536.1045475,199.2211885,0.0074644,0.0510298,1218.0466164,0.0001272,0.0001272,0.0001272,311.4424164,48.5945027,0.1514355,0.0376298,1376.4874536,0.0001671,0.0001671,0.0001671,0.0090354,0.0067267
0.64,529.034758,412.4786395,0.0953404,0.0351699,1221.1109934,0.0002012,0.0002012,0.0002012,106.1203459,212.2406918,0.0604735,0.143104,1225.9588728,0.0001231,0.0001231,0.0001231,270.9787859,252.5686665,0.1715812,0.0070662,1216.46576,0.2507235,0.2507235,0.2507235,0.0065339,0.0081065
0.68,246.83532,42.1885835,0.0288334,0.2043934,1212.5500159,7.7e-05,7.7e-05,7.7e-05,113.6242358,169.0835962,0.0293842,0.022108,1301.8638683,0.0001245,0.0001245,0.0001245,279.7612379,126.0132584,0.0227919,0.0600147,1228.5426966,0.0002189,0.0002189,0.0002189,0.0054603,0.6520198
0.96,183.3046004,305.0393815,0.048004,0.0383421,1264.4475478,0.0002738,0.0002738,0.0002738,516.8290902,89.9250294,0.0078786,0.0301738,1100.8319942,0.0001175,0.0001175,0.0001175,249.2625483,373.1465379,0.0061262,0.1029257,1119.9270336,0.0002466,0.0002466,0.0002466,0.0236081,0.006072
0.92,285.8940517,460.6939655,0.1699072,0.0920733,1355.4459569,0.0003329,0.0003329,0.0003329,129.9447642,259.8895284,0.1638558,0.0289074,1221.1638249,0.0002355,0.0002355,0.0002355,284.2545515,294.4737326,0.015322,0.0054199,1176.4440728,0.0001169,0.0001169,0.0001169,0.0082759,0.0057975
0.96,306.4219385,464.0416666,0.0142491,0.1327904,1224.8566679,0.0002223,0.0002223,0.0002223,224.9129777,35.999571,0.0172473,0.0904044,1372.4444237,0.8763616,0.8763616,0.8763616,454.1947563,61.217988,0.0114686,0.0100598,1317.5386695,0.0002899,0.0002899,0.0002899,0.0054178,0.0058287
0.64,250.5345484,185.6526684,0.0139183,0.0387959,1300.6817676,7.72e-05,7.72e-05,7.72e-05,294.0905004,323.8724368,0.0496171,0.0040349,1220.7622094,0.0001607,0.0001607,0.0001607,279.1859373,48.1166001,0.0053198,0.2190442,1200.2993633,0.000177,0.000177,0.000177,0.8377565,0.4902437
0.66,258.3442196,388.7690576,0.0645904,0.0363205,1216.2528289,0.0002388,0.0002388,0.0002388,178.4556513,158.3390964,0.0035408,0.021176,1211.087226,0.0001737,0.0001737,0.0001737,312.2737752,279.2832852,0.0091116,0.182589,1222.9954515,0.0002845,0.0002845,0.0002845,0.7542295,0.1489213
0.94,99.12066,198.24132,0.1375065,0.0242176,1120.2254181,0.6542507,0.6542507,0.6542507,264.1500628,167.7216601,0.0236193,0.0346549,1276.2308267,0.1881973,0.1881973,0.1881973,229.3369839,29.2914371,0.0215014,0.0298591,1359.3447263,0.00029,0.00029,0.00029,0.0054419,0.0038647
0.54,327.9185773,192.8940622,0.0278563,0.0091086,1373.6281291,0.0002854,0.0002854,0.0002854,297.6702399,105.034408,0.1995968,0.0112105,1203.9024201,0.0001481,0.0001481,0.0001481,276.0426827,362.3883911,0.1595914,0.0351136,1336.1843882,7.27e-05,7.27e-05,7.27e-05,0.5851409,0.4478709
0.6,299.6851877,370.3401409,0.1667504,0.0538705,1220.2435891,0.0001736,0.0001736,0.0001736,229.7960977,182.0682948,0.0122803,0.0866326,1166.7760592,0.6487588,0.6487588,0.6487588,68.3503519,136.7007038,0.0048132,0.0271782,1227.6392254,0.9609335,0.9609335,0.9609335,0.3613754,0.0051587
0.74,569.5578523,76.1767497,0.0258554,0.0090763,1309.051618,0.000147,0.000147,0.000147,123.6738338,247.3476676,0.0170975,0.0163238,1214.0732163,0.9379864,0.9379864,0.9379864,250.0978107,114.9823571,0.0148457,0.0036945,1203.8903693,0.9677725,0.9677725,0.9677725,0.0067766,0.003421
0.86,326.4658922,102.7199988,0.0533152,0.0774605,1148.7834319,0.0002245,0.0002245,0.0002245,285.9584057,243.2524301,0.0242251,0.2420328,1153.8022705,0.0002439,0.0002439,0.0002439,571.2750209,124.0816383,0.0191468,0.0087382,1209.8469932,0.0002979,0.0002979,0.0002979,0.0088122,0.0059821
0.7,467.3023601,51.6603192,0.0209884,0.0183593,1205.4851334,0.0002845,0.0002845,0.0002845,227.2466618,302.3817445,0.0108274,0.2469409,1220.1829384,0.0003072,0.0003072,0.0003072,261.8207535,28.7965404,0.1575452,0.0237497,1202.8132958,0.0003194,0.0003194,0.0003194,0.0096037,0.0064573
0.76,146.6023973,46.493963,0.0976372,0.0012742,1210.2123467,0.0002737,0.0002737,0.0002737,576.7574865,290.7163417,0.0266228,0.0107491,1207.1243567,0.0002661,0.0002661,0.0002661,312.4598287,202.580705,0.0258304,0.0325231,1223.1831426,0.000203,0.000203,0.000203,0.008387,0.3934493
0.58,541.5634535,152.5659116,0.0751344,0.1225629,1380.42537,0.0003346,0.0003346,0.0003346,114.2828074,64.5679479,0.0161394,0.0232839,1210.3016011,0.9901122,0.9901122,0.9901122,388.2905987,263.4398068,0.0214995,0.0390423,1215.0455388,0.0001894,0.0001894,0.0001894,0.0073548,0.7563294
0.64,354.4574356,127.3649827,0.1845598,0.0307317,1205.718295,0.0001126,0.0001126,0.0001126,274.2107621,244.8803425,0.0054497,0.0278825,1204.9321659,0.0002968,0.0002968,0.0002968,294.6695682,65.9070085,0.1827257,0.0198038,1224.7965322,0.8210421,0.8210421,0.8210421,0.0041537,0.0055935
0.88,299.484738,60.0386935,0.0085682,0.1075144,1134.7518795,8.9e-05,8.9e-05,8.9e-05,245.2765258,25.8952085,0.0262946,0.0041574,1224.1714358,0.0001306,0.0001306,0.0001306,260.9059374,175.671693,0.0170008,0.1399989,1209.0985767,0.0003145,0.0003145,0.0003145,0.0048675,0.0423325
0.5,305.6409604,472.1276445,0.0218687,0.0599688,1216.5199014,0.0002438,0.0002438,0.0002438,323.364401,378.954019,0.0176766,0.0582281,1205.453366,0.0001917,0.0001917,0.0001917,322.730215,166.6447464,0.005517,0.097316,1385.7914926,0.0003209,0.0003209,0.0003209,0.4091785,0.6806637
0.86,210.7627002,339.3340518,0.0267285,0.0254229,1217.191266,0.0003268,0.0003268,0.0003268,243.9269414,88.2120182,0.0066977,0.1440552,1199.0332304,0.3953616,0.3953616,0.3953616,300.3528807,309.865809,0.0154515,0.002442,1212.5443436,0.0001352,0.0001352,0.0001352,0.0932864,0.0055012
0.94,105.9172458,211.8344916,0.1013367,0.0111818,1102.8652428,9.5e-05,9.5e-05,9.5e-05,202.7900927,94.6490206,0.0069661,0.0371273,1216.4960569,0.0001713,0.0001713,0.0001713,282.6121238,338.2389666,0.0051504,0.0361207,1206.3337783,0.0003105,0.0003105,0.0003105,0.0039851,0.006672
0.92,297.1995878,319.014674,0.0175776,0.0013121,1220.9149108,0.0002188,0.0002188,0.0002188,304.1504481,255.3563607,0.0140512,0.215004,1115.6316971,9.49e-05,9.49e-05,9.49e-05,182.4723944,102.4336306,0.1421019,0.1152543,1218.5816991,0.0001728,0.0001728,0.0001728,0.0071374,0.0078212
0.98,554.0510353,281.4227085,0.0034722,0.0087901,1203.7786559,0.0001627,0.0001627,0.0001627,560.1906784,215.5319124,0.0039315,0.0072312,1218.7599051,0.6826407,0.6826407,0.6826407,75.4900777,150.9801554,0.0190491,0.005188,1202.4479616,0.0001467,0.0001467,0.0001467,0.0051393,0.0040963
0.86,353.1083611,430.9500417,0.0084209,0.0142984,1152.5470307,8.05e-05,8.05e-05,8.05e-05,545.9697106,535.2374278,0.0135757,0.1943,1221.8633416,0.0001742,0.0001742,0.0001742,306.5055989,18.6315251,0.0475838,0.0318682,1100.0030719,0.0003129,0.0003129,0.0003129,0.003509,0.0077015
0.96,362.1146602,55.9636872,0.0156133,0.0153069,1153.1871767,0.0002141,0.0002141,0.0002141,491.5057568,32.1537726,0.0029325,0.0062064,1358.0902588,0.0002863,0.0002863,0.0002863,192.7936082,10.0294819,0.0633618,0.0389044,1214.3547321,0.000248,0.000248,0.000248,0.0951718,0.0055274
0.94,303.7774142,47.3522655,0.1676872,0.1348538,1118.9936136,0.0001029,0.0001029,0.0001029,433.2416113,32.9460789,0.0067296,0.0326876,1212.3683918,0.000302,0.000302,0.000302,86.0782845,172.156569,0.0066067,0.0041926,1203.4543854,0.0002307,0.0002307,0.0002307,0.0037745,0.0042965
0.88,588.1871415,177.709076,0.0116633,0.0148798,1105.8565305,0.4016659,0.4016659,0.4016659,566.6973959,71.4379386,0.0040743,0.0145434,1217.8703947,0.0001294,0.0001294,0.0001294,333.9568589,503.1637572,0.1631898,0.0382264,1226.2540086,0.0002537,0.0002537,0.0002537,0.0044441,0.0070271
0.78,465.1322673,283.0240586,0.0117758,0.0293187,1201.6369622,0.0001549,0.0001549,0.0001549,439.6359951,171.0896957,0.0900275,0.2547424,1331.7557088,0.000311,0.000311,0.000311,335.794586,337.1931256,0.0216915,0.0989609,1144.1833705,0.1851164,0.1851164,0.1851164,0.0059223,0.0069335
0.6,131.9872176,47.9500428,0.1792657,0.0526607,1201.3219758,0.0001859,0.0001859,0.0001859,294.1270111,82.7317003,0.0116658,0.0255569,1210.7441915,7.92e-05,7.92e-05,7.92e-05,586.7349734,159.6065002,0.0998341,0.0224633,1210.0611482,7.17e-05,7.17e-05,7.17e-05,0.0054921,0.7313697
0.4,249.6965671,238.5276686,0.0039642,0.0334728,1187.4307334,0.4752689,0.4752689,0.4752689,134.8832015,269.766403,0.0243483,0.0273508,1377.2919412,0.0003075,0.0003075,0.0003075,309.2050553,166.0055279,0.0067282,0.0139903,1228.4781932,0.0001246,0.0001246,0.0001246,0.9916174,0.0067772
0.66,275.7811249,321.0779887,0.0071959,0.020645,1274.3976135,0.0002665,0.0002665,0.0002665,547.0233385,410.2725054,0.0215853,0.0010582,1208.5687797,0.0002177,0.0002177,0.0002177,167.344867,45.2603098,0.0056496,0.0012031,1381.4119374,0.0002785,0.0002785,0.0002785,0.4353766,0.5764017
0.38,264.6857028,192.4754195,0.0108436,0.0255423,1208.4985321,0.0001345,0.0001345,0.0001345,321.1866124,210.3819758,0.0122295,0.0060813,1388.3958686,0.9327759,0.9327759,0.9327759,414.6775144,26.2553874,0.0270413,0.1021573,1283.1416642,9.39e-05,9.39e-05,9.39e-05,0.0060485,0.9351984
0.94,591.0661336,111.8362915,0.0195936,0.022824,1269.4781975,0.5752055,0.5752055,0.5752055,266.9161571,235.8435718,0.0610783,0.0040532,1214.5852096,0.0001484,0.0001484,0.0001484,264.8539821,240.6770015,0.0549382,0.2174605,1215.0173795,0.0001595,0.0001595,0.0001595,0.1287534,0.009012
0.9,180.9049043,357.2088512,0.0238059,0.1056018,1105.3634792,0.0003174,0.0003174,0.0003174,213.5921535,118.9729318,0.1327332,0.0348613,1247.9182342,0.1894723,0.1894723,0.1894723,521.2262832,254.0631157,0.0087299,0.1103454,1228.2617466,0.0001131,0.0001131,0.0001131,0.0088775,0.0056963
0.82,127.5086584,185.9033291,0.0535232,0.0016603,1300.5747612,0.000321,0.000321,0.000321,318.5063921,242.8481306,0.0247944,0.0063645,1192.0691401,0.0001183,0.0001183,0.0001183,245.4732707,166.5520772,0.1561897,0.0136109,1221.7208757,0.000174,0.000174,0.000174,0.0032383,0.0037496
0.94,243.5590231,12.2526115,0.0258504,0.0233255,1376.4457666,0.0001805,0.0001805,0.0001805,201.1581036,274.8797028,0.0057688,0.0653154,1100.6982262,0.0003388,0.0003388,0.0003388,263.4754422,73.3743718,0.0139049,0.0156137,1141.7394782,0.0002254,0.0002254,0.0002254,0.0093795,0.0036603
0.9,269.7650278,147.8762444,0.022333,0.0121161,1182.1250155,0.0003048,0.0003048,0.0003048,232.2034335,250.3326156,0.0197474,0.2763926,1263.8673466,0.0003166,0.0003166,0.0003166,268.8968525,161.7309274,0.0155165,0.232262,1154.7045346,0.0001423,0.0001423,0.0001423,0.0068868,0.0051991
0.84,72.5425191,145.0850382,0.0296064,0.033257,1218.8300663,0.0001497,0.0001497,0.0001497,254.6021019,483.0740187,0.0155878,0.0023366,1294.9609941,0.0693544,0.0693544,0.0693544,259.6688197,143.9805427,0.026304,0.0240712,1110.9863114,0.6961835,0.6961835,0.6961835,0.0043677,0.0084502
0.54,132.6912674,114.9610177,0.005387,0.0192304,1196.583232,0.000189,0.000189,0.000189,314.1566108,428.2401588,0.0046046,0.0095686,1379.7521773,8.83e-05,8.83e-05,8.83e-05,265.7062692,130.1259225,0.0291926,0.0246715,1227.2864542,0.4239666,0.4239666,0.4239666,0.8136887,0.0071685
0.7,502.034697,507.6958241,0.0231489,0.0324689,1219.0423242,0.0001826,0.0001826,0.0001826,314.9369437,31.0609827,0.1927129,0.024253,1350.237415,9.34e-05,9.34e-05,9.34e-05,284.6726469,126.1362068,0.0066432,0.0798176,1354.3126002,0.0001806,0.0001806,0.0001806,0.5778276,0.0082423
0.7,272.7842838,382.7181278,0.0272626,0.033304,1143.0346532,0.0003167,0.0003167,0.0003167,310.6604129,330.640942,0.0207546,0.153203,1388.1280845,0.0001809,0.0001809,0.0001809,74.2446701,31.9192351,0.0169745,0.2291841,1330.5918847,0.6007194,0.6007194,0.6007194,0.0083334,0.494888
0.96,205.9055195,103.1435951,0.0148118,0.0093958,1285.740279,0.000284,0.000284,0.000284,148.0845761,261.9018182,0.0025978,0.1996884,1214.5049426,0.0002663,0.0002663,0.0002663,247.4895842,246.1197787,0.0405309,0.0013281,1225.0249232,0.0002066,0.0002066,0.0002066,0.0052258,0.00922
0.72,284.9078514,367.752487,0.0110894,0.2922194,1349.1471685,0.0001918,0.0001918,0.0001918,303.077042,178.5832946,0.0053994,0.1820658,1210.2982647,0.0001039,0.0001039,0.0001039,473.8329704,90.0453497,0.0233454,0.07279,1299.0908112,0.0001332,0.0001332,0.0001332,0.9002564,0.0036194
0.96,418.2512431,230.7257067,0.0042832,0.0144388,1113.035313,0.0002117,0.0002117,0.0002117,316.9061133,194.4290286,0.0261498,0.0058453,1182.9565831,0.0001798,0.0001798,0.0001798,333.539449,461.7165048,0.0159756,0.2816449,1223.9399411,0.0003307,0.0003307,0.0003307,0.0037744,0.0065225
